id_ensayo,actividad,netlist,log,nodo_proceso,temperatura_C,vdd_V,parametros_clave,metricas_evaluadas,estado,fecha,observaciones
ENS-CAL-01,Calibración - Modelos,auxiliares/validaciones_modelos/val_modelos_concurrente.cir,auxiliares/validaciones_modelos/val_modelos_concurrente.log,"45nm_HP, 45nm_LP, 130nm_bulk",27,1.0 / 1.1 / 1.3,"ptm45hp.lib, ptm45lp.lib, ptm130.lib simultáneos","Ion_n_45hp=112uA, Ion_p_45hp=123uA, Ion_n_45lp=43uA, Ion_p_45lp=39uA, Ion_n_130=253uA, Ion_p_130=177uA",PASS,2026-09-16,Concurrencia verificada; cero colisiones; modelos responden correctamente
ENS-CAL-02,Calibración - Inversor Ref,auxiliares/caracterizacion_inversor/inv_vtc_45hp_27C.cir,auxiliares/caracterizacion_inversor/inv_vtc_45hp_27C.log,45nm_HP,27,1.0,"Wn=90n, Wp=135n (beta=1.5), Ln=45n","VM=0.4797V, VIL=0.3675V, VIH=0.5785V, NML=0.3675V, NMH=0.4215V, Av_max=6.13",PASS,2026-09-16,Umbrales caracterizados para detección de falla en dominó
ENS-CAL-03,Calibración - Inversor Ref,auxiliares/caracterizacion_inversor/inv_vtc_45hp_85C.cir,auxiliares/caracterizacion_inversor/inv_vtc_45hp_85C.log,45nm_HP,85,1.0,"Wn=90n, Wp=135n (beta=1.5), Ln=45n","VM=0.4762V, VIL=0.3545V, VIH=0.5820V, NML=0.3545V, NMH=0.4180V, Av_max=5.76",PASS,2026-09-16,Degradación térmica de ganancia y márgenes cuantificada
ENS-CAL-04,Calibración - Inversor Ref,auxiliares/caracterizacion_inversor/inv_vtc_45lp_27C.cir,auxiliares/caracterizacion_inversor/inv_vtc_45lp_27C.log,45nm_LP,27,1.1,"Wn=90n, Wp=135n (beta=1.5), Ln=45n","VM=0.5503V, VIL=0.4890V, VIH=0.6095V, NML=0.4890V, NMH=0.4905V, Av_max=13.22",PASS,2026-09-16,Centrado casi perfecto (VDD/2=0.550V); ganancia duplica a HP
ENS-CAL-05,Calibración - Inversor Ref,auxiliares/caracterizacion_inversor/inv_vtc_45lp_85C.cir,auxiliares/caracterizacion_inversor/inv_vtc_45lp_85C.log,45nm_LP,85,1.1,"Wn=90n, Wp=135n (beta=1.5), Ln=45n","VM=0.5495V, VIL=0.4830V, VIH=0.6135V, NML=0.4830V, NMH=0.4865V, Av_max=12.69",PASS,2026-09-16,Estabilidad térmica superior en proceso LP
ENS-CAL-06,Calibración - Inversor Ref,auxiliares/caracterizacion_inversor/inv_vtc_130_27C.cir,auxiliares/caracterizacion_inversor/inv_vtc_130_27C.log,130nm_bulk,27,1.3,"Wn=260n, Wp=390n (beta=1.5), Ln=130n","VM=0.5833V, VIL=0.4055V, VIH=0.6790V, NML=0.4055V, NMH=0.6210V, Av_max=8.91",PASS,2026-09-16,Nodo bulk maduro con márgenes amplios
ENS-CAL-07,Calibración - Inversor Ref,auxiliares/caracterizacion_inversor/inv_vtc_130_85C.cir,auxiliares/caracterizacion_inversor/inv_vtc_130_85C.log,130nm_bulk,85,1.3,"Wn=260n, Wp=390n (beta=1.5), Ln=130n","VM=0.5636V, VIL=0.3685V, VIH=0.6635V, NML=0.3685V, NMH=0.6364V, Av_max=8.17",PASS,2026-09-16,Comportamiento clásico verificado para Actividad 3
ENS-CAL-08,Calibración - Temporización,auxiliares/validacion_temporizacion/val_temporizacion.cir,auxiliares/validacion_temporizacion/val_temporizacion.log,45nm_HP,27,1.0,"Tclk=2n, TD=1.5n y 2.5n en ciclo 2","tpHL=22.563ps, tpLH=25.135ps, tpd_eval=36.165ps",PASS,2026-09-16,Conteo absoluto vs ventana TD coinciden a 12 decimales; TD aísla ciclo 2
ENS-CAL-09,Calibración - Convención Corriente,auxiliares/validacion_corriente/val_corriente.cir,auxiliares/validacion_corriente/val_corriente.log,Ideal/Linear,27,1.0,R=100 ohm,"I(Vdd)=-10mA, -I(Vdd)=+10mA, P_supplied=+10mW",PASS,2026-09-16,Demostrado experimentalmente que la fuente entrega corriente positiva con -I(Vdd)
ENS-CAL-10,Calibración - Sensibilidad gmin,auxiliares/experimento_gmin/test_gmin_gmin_1e12.cir y 1e15.cir,auxiliares/experimento_gmin/test_gmin_gmin_1e12.log y 1e15.log,45nm_LP,27,1.1,"gmin=1e-12 vs 1e-15, Tstop=1us, CLK detenido","I_vdd_ret(1e-15)=1.42pA, I_vdd_ret(1e-12)=2.58pA, delta=+1.16pA (+81.95%), delta_V=+11.04% (corriente media total suministrada por VDD en retención)",PASS,2026-09-16,"gmin=1e-12 introduce +1.16 pA artificiales, distorsionando +82% la corriente de reposo a 27C"
ENS-CAL-11,Calibración - Sensibilidad gmin,auxiliares/experimento_gmin/test_gmin_gmin_1e12_85C.cir y 1e15_85C.cir,auxiliares/experimento_gmin/test_gmin_gmin_1e12_85C.log y 1e15_85C.log,45nm_LP,85,1.1,"gmin=1e-12 vs 1e-15, Tstop=1us, CLK detenido","I_vdd_ret(1e-15)=7.27pA, I_vdd_ret(1e-12)=8.53pA, delta=+1.26pA (+17.31%), delta_V=+6.77% (corriente media total suministrada por VDD en retención)",PASS,2026-09-16,"A 85C la corriente fisica crece 5x, reduciendo el error relativo de gmin al 17%"
ENS-A1-01,Actividad 1 - Dinamica Base,act1/circuitos/nand3_dinamica_base.cir,act1/resultados/logs/nand3_dinamica_base.log,45nm_HP,27,1.0,"Wn=90n, Wp=135n, W_pdn=270n, CL=2f, Cout=1f, Tclk=2n","tpHL_dyn=22.17ps, tpLH_dyn=25.13ps, tpLH_out=35.89ps, tpHL_out=38.06ps, Pavg=1.239uW",PASS,2026-09-16,Fases identificadas; tpLH no cuenta en evaluacion logica de domino
ENS-A1-02,Actividad 1 - Estatica Base (Historica),act1/circuitos/nand3_estatica_base.cir,act1/resultados/logs/nand3_estatica_base.log,45nm_HP,27,1.0,"Wn=270n (PDN serie), Wp=135n (PUN paralelo), Cout=1f, T_A=2n (500MHz)","tpHL_stat=9.76ps, tpLH_stat=12.38ps, Pavg_stat_sw=0.821uW",OBSOLETO_PARCIAL,2026-09-16,"Estimulo T_A=2ns asimetrico respecto a dinamica (T_A=8ns); superado por ENS-A1-07 para comparacion de potencia"
ENS-A1-03,Actividad 1 - Trampa Potencia Fijas 1,act1/circuitos/nand3_dinamica_fijas1.cir y nand3_estatica_fijas1.cir,act1/resultados/logs/nand3_dinamica_fijas1.log y nand3_estatica_fijas1.log,45nm_HP,27,1.0,"Entradas A=B=C=1 fijas; CL=2f, Cout=1f, Tclk=2n","Pavg_dyn_f1=2.726uW (alpha=1), Pavg_stat_f1=1.700nW (alpha=0), ratio=1603x",PASS,2026-09-16,Dinamica conmuta en cada ciclo (alpha=1); estatica solo consume fugas (alpha=0)
ENS-A1-04,Actividad 1 - Capacitancia Entrada Cin,act1/circuitos/nand3_extraccion_cin.cir,act1/resultados/logs/nand3_extraccion_cin.log,45nm_HP,27,1.0,"Rampa de excitacion 50ps en A, integracion Q=integ(I)dt","Cin_dyn=0.342fF, Cin_stat=0.594fF, ratio_cin=0.575 (-42.5%)",PASS,2026-09-16,Dinamica reduce 42.5% la capacitancia de entrada por ausencia de PUN conectada a A
ENS-A1-05,Actividad 1 - Retencion PDN Abierta 2ns,act1/circuitos/nand3_dinamica_pdn_abierta_tclk2n.cir,act1/resultados/logs/nand3_dinamica_pdn_abierta_tclk2n.log,45nm_HP,27,1.0,"Vc=0 (PDN abierta), Tclk=2n, ventana evaluacion 1ns","Vdyn_min=0.994V, delta_V=6.41mV, Vout_max=0.31mV",PASS,2026-09-16,Retencion excelente a 500 MHz; caida inferior a 7 mV
ENS-A1-06,Actividad 1 - Retencion PDN Abierta 400ns,act1/circuitos/nand3_dinamica_pdn_abierta_tclk400n.cir,act1/resultados/logs/nand3_dinamica_pdn_abierta_tclk400n.log,45nm_HP,27,1.0,"Vc=0 (PDN abierta), Tclk=400n, ventana evaluacion 200ns continua","Vdyn_final=0.884V, delta_V=116.28mV, Vout_max=0.30mV",PASS,2026-09-16,Perdida de carga de 116.3 mV en 200ns; motiva estudio de frecuencia minima y keeper
ENS-A1-07,Actividad 1 - Estatica Mismo Estimulo,act1/circuitos/nand3_estatica_mismo_estimulo.cir,act1/resultados/logs/nand3_estatica_mismo_estimulo.log,45nm_HP,27,1.0,"Wn=270n, Wp=135n, Cout=1f, T_A=8n (125MHz, identico a dinamica)","tpHL_stat=9.61ps, tpLH_stat=12.40ps, Pavg_stat_sw=0.269uW",PASS,2026-09-16,"Estimulo simetrico de entrada A; ratio de potencia dinamica/estatica = 4.604x debido a reloj de 500MHz"
ENS-A1-08,Actividad 1 - Control Retardo Sin CL Externa,act1/circuitos/nand3_control_retardo_equivalente.cir,act1/resultados/logs/nand3_control_retardo_equivalente.log,45nm_HP,27,1.0,"CL=0f en dyn (sin condensador externo), Cout=1f, Tclk=2n","tpHL_dyn=11.26ps, tpLH_dyn=14.60ps, tpLH_out=21.27ps, Pavg=0.721uW",PASS,2026-09-16,"Control sin carga externa CL; nodo dyn conserva difusiones, capacidades MOS y entrada del inversor"
ENS-A2-01,Actividad 2 - Peor Caso Oficial (Guía Sec. 6.3),act2/circuitos/nand3_cs_peor_caso_oficial.cir,act2/resultados/logs/nand3_cs_peor_caso_oficial.log,45nm_HP,27,1.0,"Wn=90n, Wp=135n, W_pdn=270n, CL=2f, Cout=1f, Tclk=2n, Ad=2.43e-14, Pd=4.5e-7","Vdyn_min=0.9998V, dV=0.158mV, Vdyn_eval_min=-0.0190V, Vout_end=1.83uV, Vn1_end=0.6825V, Vn2_end=0.6529V, Vn3_end=-0.0603V",PASS,2026-09-17,"Corrida oficial requerida por Sec. 6.3; at=1.95*Tclk cae en precarga de ciclo 2 (CLK=0); A y B activos en precarga precargan n1 y n2 a 0.68V/0.65V"
ENS-A2-02,Actividad 2 - Benchmark Físico Charge Sharing,act2/circuitos/nand3_cs_peor_caso_fisico.cir,act2/resultados/logs/nand3_cs_peor_caso_fisico.log,45nm_HP,27,1.0,"Wn=90n, Wp=135n, W_pdn=270n, CL=2f, Cout=1f, Tclk=2n, n1_0=0V, n2_0=0V","Vdyn_min=0.9003V, dV=99.66mV, Vdyn_eval_min=0.8990V, dV_eval=101.03mV, Vout_max=0.149mV, Vn1=0.6799V, Vn2=0.6596V, Vn3=1.37uV",PASS,2026-09-17,"Benchmark físico con aislamiento previo de n1 y n2 en 0V; corte subumbral de M2 limita dV a 101mV evitando falla lógica"
ENS-A2-03,Actividad 2 - Barrido Paramétrico CL,act2/circuitos/nand3_cs_barrido_cl.cir,act2/resultados/logs/nand3_cs_barrido_cl.log,45nm_HP,27,1.0,"CL list 0.5f 1f 2f 4f, W_pdn=270n, Ln=45n","CL=0.5f: dV=175.92mV, Vdyn_min=0.8241V; CL=1f: dV=138.26mV, Vdyn_min=0.8617V; CL=2f: dV=101.03mV, Vdyn_min=0.8990V; CL=4f: dV=67.62mV, Vdyn_min=0.9324V",PASS,2026-09-17,"Barrido paramétrico 4 puntos; Vdyn,min > VIH (0.579V) en todo el rango; Vout_max <= 0.68mV; cero fallos lógicos"
ENS-A2-04,Actividad 2 - Mitigación 1 Precarga Interna,act2/circuitos/nand3_cs_mitigacion_precarga.cir,act2/resultados/logs/nand3_cs_mitigacion_precarga.log,45nm_HP,27,1.0,"2 PMOS extra Wp=135n en n1 y n2 gobernados por CLK, CL=2f","Vdyn_min=1.0290V, dV=-29.04mV, Vdyn_eval_min=1.0120V, dV_eval=-12.05mV, Vout_max=0.267mV, Vn1=1.069V, Vn2=1.062V",PASS,2026-09-17,"Eliminación total del charge sharing (dV<=0); coste: +2 PMOS y +0.34fF gate en CLK (+67%); n3 no se precarga para evitar cortocircuito con footer"
ENS-A2-05,Actividad 2 - Mitigación 2 Reordenamiento PDN,act2/circuitos/nand3_cs_mitigacion_reordenamiento.cir,act2/resultados/logs/nand3_cs_mitigacion_reordenamiento.log,45nm_HP,27,1.0,"Entrada crítica C en tope de la PDN junto a dyn; M1(A) y M2(B) inferiores","Vdyn_min=1.0222V, dV=-22.17mV, Vdyn_eval_min=0.99999V, dV_eval=0.014mV (14uV), Vout_max=0.294mV, Vn1=15.7uV, Vn2=10.5uV",PASS,2026-09-17,"C=0 en tope aísla n1 y n2 de dyn; redistribución suprimida sin coste de área ni capacitancia extra de reloj"
ENS-A2-06,Actividad 2 - Mitigación 3 Keeper Wkp=45n,act2/circuitos/nand3_cs_mitigacion_keeper.cir,act2/resultados/logs/nand3_cs_mitigacion_keeper.log,45nm_HP,27,1.0,"Keeper PMOS Wkp=45n (L=45n) realimentado desde out, CL=2f","Vdyn_min=0.9996V, dV=0.43mV, Vdyn_eval_min=0.9578V, dV_eval=42.18mV, t_restore=80.30ps, Vout_max=0.384mV",PASS,2026-09-17,"Keeper restaura activamente dyn a 0.99*VDD en 80.3ps; reduce caída máxima de 101.0mV a 42.2mV (-58.2%)"
ENS-A2-07,Actividad 2 - Contención del Keeper,act2/circuitos/nand3_cs_contencion_sin_keeper.cir y nand3_cs_contencion_con_keeper.cir,act2/resultados/logs/nand3_cs_contencion_sin_keeper.log y nand3_cs_contencion_con_keeper.log,45nm_HP,27,1.0,"A=B=C=1 (evaluación a 0), Wkp=45n vs sin keeper","tpHL_dyn_sin=23.95ps, tpHL_dyn_con=27.46ps (+14.65%), tpLH_out_sin=37.58ps, tpLH_out_con=43.09ps (+14.69%)",PASS,2026-09-17,"Cuantificación rigurosa del coste de contención: penalización de +3.51ps (+14.7%) en retardo de evaluación"
